http://wordpress.org/extend/plugins/tags/ad,138,ad
http://wordpress.org/extend/plugins/tags/admin,1732,admin
http://wordpress.org/extend/plugins/tags/administration,208,administration
http://wordpress.org/extend/plugins/tags/ads,310,ads
http://wordpress.org/extend/plugins/tags/adsense,192,adsense
http://wordpress.org/extend/plugins/tags/advertising,212,advertising
http://wordpress.org/extend/plugins/tags/affiliate,275,affiliate
http://wordpress.org/extend/plugins/tags/ajax,573,AJAX
http://wordpress.org/extend/plugins/tags/amazon,147,amazon
http://wordpress.org/extend/plugins/tags/analytics,264,analytics
http://wordpress.org/extend/plugins/tags/anti-spam,127,anti-spam
http://wordpress.org/extend/plugins/tags/api,187,api
http://wordpress.org/extend/plugins/tags/archive,131,archive
http://wordpress.org/extend/plugins/tags/audio,140,audio
http://wordpress.org/extend/plugins/tags/authentication,147,authentication
http://wordpress.org/extend/plugins/tags/author,197,author
http://wordpress.org/extend/plugins/tags/automatic,210,automatic
http://wordpress.org/extend/plugins/tags/blog,238,blog
http://wordpress.org/extend/plugins/tags/bookmark,186,bookmark
http://wordpress.org/extend/plugins/tags/bookmarking,138,bookmarking
http://wordpress.org/extend/plugins/tags/bookmarks,193,bookmarks
http://wordpress.org/extend/plugins/tags/buddypress,498,buddypress
http://wordpress.org/extend/plugins/tags/button,304,button
http://wordpress.org/extend/plugins/tags/calendar,185,calendar
http://wordpress.org/extend/plugins/tags/captcha,173,captcha
http://wordpress.org/extend/plugins/tags/categories,363,categories
http://wordpress.org/extend/plugins/tags/category,404,category
http://wordpress.org/extend/plugins/tags/cms,257,cms
http://wordpress.org/extend/plugins/tags/code,258,code
http://wordpress.org/extend/plugins/tags/comment,378,comment
http://wordpress.org/extend/plugins/tags/comments,1153,comments
http://wordpress.org/extend/plugins/tags/community,134,community
http://wordpress.org/extend/plugins/tags/contact,204,contact
http://wordpress.org/extend/plugins/tags/contact-form,139,contact-form
http://wordpress.org/extend/plugins/tags/content,444,content
http://wordpress.org/extend/plugins/tags/counter,150,counter
http://wordpress.org/extend/plugins/tags/css,367,CSS
http://wordpress.org/extend/plugins/tags/custom,307,custom
http://wordpress.org/extend/plugins/tags/custom-post-type,132,custom-post-type
http://wordpress.org/extend/plugins/tags/dashboard,302,dashboard
http://wordpress.org/extend/plugins/tags/database,169,database
http://wordpress.org/extend/plugins/tags/date,125,date
http://wordpress.org/extend/plugins/tags/delicious,149,delicious
http://wordpress.org/extend/plugins/tags/digg,214,Digg
http://wordpress.org/extend/plugins/tags/e-commerce,226,e-commerce
http://wordpress.org/extend/plugins/tags/ecommerce,213,ecommerce
http://wordpress.org/extend/plugins/tags/edit,137,edit
http://wordpress.org/extend/plugins/tags/editor,265,editor
http://wordpress.org/extend/plugins/tags/email,524,email
http://wordpress.org/extend/plugins/tags/embed,343,embed
http://wordpress.org/extend/plugins/tags/event,137,event
http://wordpress.org/extend/plugins/tags/events,208,events
http://wordpress.org/extend/plugins/tags/facebook,826,Facebook
http://wordpress.org/extend/plugins/tags/feed,471,feed
http://wordpress.org/extend/plugins/tags/feeds,170,feeds
http://wordpress.org/extend/plugins/tags/filter,153,filter
http://wordpress.org/extend/plugins/tags/flash,383,flash
http://wordpress.org/extend/plugins/tags/flickr,232,flickr
http://wordpress.org/extend/plugins/tags/form,243,form
http://wordpress.org/extend/plugins/tags/formatting,211,Formatting
http://wordpress.org/extend/plugins/tags/free,138,free
http://wordpress.org/extend/plugins/tags/gallery,719,gallery
http://wordpress.org/extend/plugins/tags/google,1161,google
http://wordpress.org/extend/plugins/tags/html,274,html
http://wordpress.org/extend/plugins/tags/image,983,image
http://wordpress.org/extend/plugins/tags/images,1119,images
http://wordpress.org/extend/plugins/tags/integration,162,integration
http://wordpress.org/extend/plugins/tags/iphone,180,iphone
http://wordpress.org/extend/plugins/tags/javascript,496,javascript
http://wordpress.org/extend/plugins/tags/jquery,593,jquery
http://wordpress.org/extend/plugins/tags/language,148,language
http://wordpress.org/extend/plugins/tags/lightbox,190,lightbox
http://wordpress.org/extend/plugins/tags/like,168,Like
http://wordpress.org/extend/plugins/tags/link,432,link
http://wordpress.org/extend/plugins/tags/linkedin,140,linkedin
http://wordpress.org/extend/plugins/tags/links,892,links
http://wordpress.org/extend/plugins/tags/list,293,list
http://wordpress.org/extend/plugins/tags/login,368,login
http://wordpress.org/extend/plugins/tags/mail,158,mail
http://wordpress.org/extend/plugins/tags/manage,138,manage
http://wordpress.org/extend/plugins/tags/map,128,map
http://wordpress.org/extend/plugins/tags/maps,171,maps
http://wordpress.org/extend/plugins/tags/media,503,media
http://wordpress.org/extend/plugins/tags/menu,309,menu
http://wordpress.org/extend/plugins/tags/meta,233,meta
http://wordpress.org/extend/plugins/tags/mobile,223,mobile
http://wordpress.org/extend/plugins/tags/mp3,126,mp3
http://wordpress.org/extend/plugins/tags/multisite,226,multisite
http://wordpress.org/extend/plugins/tags/music,210,music
http://wordpress.org/extend/plugins/tags/navigation,260,navigation
http://wordpress.org/extend/plugins/tags/network,141,network
http://wordpress.org/extend/plugins/tags/news,253,News
http://wordpress.org/extend/plugins/tags/newsletter,131,newsletter
http://wordpress.org/extend/plugins/tags/notification,152,notification
http://wordpress.org/extend/plugins/tags/page,1066,page
http://wordpress.org/extend/plugins/tags/pages,617,pages
http://wordpress.org/extend/plugins/tags/password,133,password
http://wordpress.org/extend/plugins/tags/paypal,169,paypal
http://wordpress.org/extend/plugins/tags/performance,138,performance
http://wordpress.org/extend/plugins/tags/permalink,129,permalink
http://wordpress.org/extend/plugins/tags/photo,466,photo
http://wordpress.org/extend/plugins/tags/photos,441,photos
http://wordpress.org/extend/plugins/tags/php,175,php
http://wordpress.org/extend/plugins/tags/picture,321,picture
http://wordpress.org/extend/plugins/tags/pictures,278,pictures
http://wordpress.org/extend/plugins/tags/plugin,2091,plugin
http://wordpress.org/extend/plugins/tags/plugins,293,plugins
http://wordpress.org/extend/plugins/tags/post,2207,Post
http://wordpress.org/extend/plugins/tags/posts,1645,posts
http://wordpress.org/extend/plugins/tags/profile,189,profile
http://wordpress.org/extend/plugins/tags/random,195,random
http://wordpress.org/extend/plugins/tags/reddit,129,Reddit
http://wordpress.org/extend/plugins/tags/redirect,147,redirect
http://wordpress.org/extend/plugins/tags/register,127,register
http://wordpress.org/extend/plugins/tags/registration,176,registration
http://wordpress.org/extend/plugins/tags/related,138,related
http://wordpress.org/extend/plugins/tags/rss,664,rss
http://wordpress.org/extend/plugins/tags/scroll,143,scroll
http://wordpress.org/extend/plugins/tags/search,346,search
http://wordpress.org/extend/plugins/tags/security,318,security
http://wordpress.org/extend/plugins/tags/seo,836,seo
http://wordpress.org/extend/plugins/tags/share,371,Share
http://wordpress.org/extend/plugins/tags/sharing,173,sharing
http://wordpress.org/extend/plugins/tags/shop,135,shop
http://wordpress.org/extend/plugins/tags/shortcode,767,shortcode
http://wordpress.org/extend/plugins/tags/sidebar,1450,sidebar
http://wordpress.org/extend/plugins/tags/simple,243,simple
http://wordpress.org/extend/plugins/tags/slider,197,slider
http://wordpress.org/extend/plugins/tags/slideshow,364,slideshow
http://wordpress.org/extend/plugins/tags/social,665,social
http://wordpress.org/extend/plugins/tags/social-media,167,social-media
http://wordpress.org/extend/plugins/tags/spam,401,spam
http://wordpress.org/extend/plugins/tags/statistics,356,statistics
http://wordpress.org/extend/plugins/tags/stats,399,stats
http://wordpress.org/extend/plugins/tags/style,132,Style
http://wordpress.org/extend/plugins/tags/tag,267,tag
http://wordpress.org/extend/plugins/tags/tags,376,tags
http://wordpress.org/extend/plugins/tags/taxonomy,153,Taxonomy
http://wordpress.org/extend/plugins/tags/template,222,template
http://wordpress.org/extend/plugins/tags/text,232,text
http://wordpress.org/extend/plugins/tags/theme,354,theme
http://wordpress.org/extend/plugins/tags/themes,141,themes
http://wordpress.org/extend/plugins/tags/thumbnail,206,thumbnail
http://wordpress.org/extend/plugins/tags/tinymce,170,TinyMCE
http://wordpress.org/extend/plugins/tags/title,168,title
http://wordpress.org/extend/plugins/tags/tracking,171,tracking
http://wordpress.org/extend/plugins/tags/tweet,238,tweet
http://wordpress.org/extend/plugins/tags/twitter,1165,twitter
http://wordpress.org/extend/plugins/tags/upload,208,upload
http://wordpress.org/extend/plugins/tags/url,259,url
http://wordpress.org/extend/plugins/tags/user,278,user
http://wordpress.org/extend/plugins/tags/users,266,users
http://wordpress.org/extend/plugins/tags/video,490,video
http://wordpress.org/extend/plugins/tags/widget,3406,widget
http://wordpress.org/extend/plugins/tags/widgets,613,widgets
http://wordpress.org/extend/plugins/tags/wordpress,724,wordpress
http://wordpress.org/extend/plugins/tags/wpmu,254,wpmu
http://wordpress.org/extend/plugins/tags/xml,184,xml
http://wordpress.org/extend/plugins/tags/yahoo,218,yahoo
http://wordpress.org/extend/plugins/tags/youtube,382,youtube